Frame,Time (ps),RMSD (A)
0.0,0.0,3.083999952142499e-07
1.0,1.0,1.3606646108174263
2.0,2.0,1.2272397259792058
3.0,3.0,1.1688595524027898
4.0,4.0,0.7469072506293415
5.0,5.0,1.4940598309885267
6.0,6.0,1.6487005529375027
7.0,7.0,1.218697661567476
8.0,8.0,1.3780159379806067
9.0,9.0,1.863723892184874
10.0,10.0,1.0418559031707801
11.0,11.0,1.4088045127488733
12.0,12.0,1.294032429785816
13.0,13.0,1.262275455852916
14.0,14.0,1.714296153238329
15.0,15.0,1.6426515488782978
16.0,16.0,1.7662160787237635
17.0,17.0,1.3488779864861336
18.0,18.0,1.2106500746263922
19.0,19.0,1.1957844174362637
20.0,20.0,1.6646742465953082
21.0,21.0,1.3396089702424872
22.0,22.0,1.482174280889503
23.0,23.0,1.4965677255972645
24.0,24.0,1.3206162818411737
25.0,25.0,1.3963387215304413
26.0,26.0,1.1676400342641668
27.0,27.0,1.2632670227509832
28.0,28.0,1.516236655055747
29.0,29.0,1.1998789509407952
30.0,30.0,1.6082135470775212
31.0,31.0,1.2769764265240948
32.0,32.0,1.4829520211300173
33.0,33.0,1.4815936293687035
34.0,34.0,1.1787598493105147
35.0,35.0,1.73336898175481
36.0,36.0,1.0003871757442038
37.0,37.0,1.879010805871572
38.0,38.0,1.5848018080080095
39.0,39.0,1.3390989817000167
40.0,40.0,1.0986692897429426
41.0,41.0,1.4399661133932233
42.0,42.0,1.5553414725584975
43.0,43.0,1.289722810182229
44.0,44.0,1.538300057145058
45.0,45.0,2.0856548748519783
46.0,46.0,1.0573609972684725
47.0,47.0,1.2166588677247447
48.0,48.0,1.3594481836164636
49.0,49.0,1.1967216028982965
50.0,50.0,1.467529538258908
51.0,51.0,1.2289630157334783
52.0,52.0,1.3248187675549863
53.0,53.0,1.3643920226998467
54.0,54.0,1.146565250127503
55.0,55.0,1.1494461935702465
56.0,56.0,1.7880917276735395
57.0,57.0,1.6713655315797202
58.0,58.0,1.0845979136235733
59.0,59.0,1.4289592222035388
60.0,60.0,1.6545551714857103
61.0,61.0,1.8336633414172974
62.0,62.0,1.5537403903648006
63.0,63.0,1.1836165696617822
64.0,64.0,1.6958400803510163
65.0,65.0,1.645188990344379
66.0,66.0,1.4691840555215427
67.0,67.0,1.8111773994414087
68.0,68.0,2.0247766261312345
69.0,69.0,1.4402314743101463
70.0,70.0,1.434936966016174
71.0,71.0,1.8449384222094911
72.0,72.0,1.09508869235118
73.0,73.0,1.7275785039988736
74.0,74.0,1.3469896356180067
75.0,75.0,1.531174530712251
76.0,76.0,1.452054848844688
77.0,77.0,1.6753764894941525
78.0,78.0,1.2862941982806788
79.0,79.0,1.6450750782902306
80.0,80.0,0.8722939782056133
81.0,81.0,1.4674296012057324
82.0,82.0,1.756624954811142
83.0,83.0,1.2449141169531277
84.0,84.0,2.1132788197931585
85.0,85.0,1.6666460248640849
86.0,86.0,1.5319420554142242
87.0,87.0,1.7968901700080957
88.0,88.0,1.1366700006306716
89.0,89.0,1.2076013437880033
90.0,90.0,1.7526395293713746
91.0,91.0,1.2175213812572017
92.0,92.0,1.4710784719652479
93.0,93.0,0.9177394356328773
94.0,94.0,1.73140509231359
95.0,95.0,1.0146766866415453
96.0,96.0,1.459926151462826
97.0,97.0,1.5936417109961099
98.0,98.0,0.9355638939646165
99.0,99.0,1.4357279704262955
100.0,100.0,1.0608114179747061
101.0,101.0,1.3314661961742627
102.0,102.0,1.5058101329701445
103.0,103.0,1.300213001971084
104.0,104.0,1.256338531682099
105.0,105.0,1.2725413971523396
106.0,106.0,1.4263943890525603
107.0,107.0,1.1989027452823844
108.0,108.0,1.5702654703355545
109.0,109.0,1.7276643841942176
110.0,110.0,1.6280293858127648
111.0,111.0,1.7793232426637469
112.0,112.0,1.3729702818107747
113.0,113.0,1.1024688480499014
114.0,114.0,1.2772685360167004
115.0,115.0,1.50436926138025
116.0,116.0,1.7784909559486173
117.0,117.0,1.1941567354115146
118.0,118.0,0.9932793021066849
119.0,119.0,0.9900369794691058
120.0,120.0,1.6777554279743008
121.0,121.0,0.8799655650498075
122.0,122.0,1.2303881812232247
123.0,123.0,1.4810742391189473
124.0,124.0,0.9599168518096347
125.0,125.0,1.5121841071079865
126.0,126.0,1.12622094919102
127.0,127.0,1.4430578464507944
128.0,128.0,1.7965687596436424
129.0,129.0,1.5971244229349768
130.0,130.0,1.3061174939039888
131.0,131.0,1.3932197396251824
132.0,132.0,1.401429486930683
133.0,133.0,1.51283093509739
134.0,134.0,1.1745803282367944
135.0,135.0,1.5526822135210157
136.0,136.0,1.5067750013343841
137.0,137.0,1.4899266934437332
138.0,138.0,1.479498111381146
139.0,139.0,1.3058535505867106
140.0,140.0,1.4483582784361109
141.0,141.0,1.531357582485766
142.0,142.0,1.5038219783494988
143.0,143.0,1.4383136258429132
144.0,144.0,1.517727691841481
145.0,145.0,1.3599898080589818
146.0,146.0,1.3807772653051404
147.0,147.0,1.5566799082212983
148.0,148.0,1.7363457091861783
149.0,149.0,1.5785975268869554
150.0,150.0,1.3009577679743733
151.0,151.0,1.4877253435169213
152.0,152.0,1.3720508386677286
153.0,153.0,1.1011389474880189
154.0,154.0,1.1543190263200538
155.0,155.0,1.5772846808743683
156.0,156.0,1.2269232546914806
157.0,157.0,1.4679269265148918
158.0,158.0,1.2228997698334418
159.0,159.0,1.3570604326696905
160.0,160.0,1.3391543440793203
161.0,161.0,1.1003398750874798
162.0,162.0,1.5516738154548217
163.0,163.0,1.2876567000749604
164.0,164.0,1.362648789795821
165.0,165.0,1.348063020288074
166.0,166.0,1.1838834224152321
167.0,167.0,1.4180382247755041
168.0,168.0,1.376106528665611
169.0,169.0,1.6794616404732463
170.0,170.0,1.3014244508611752
171.0,171.0,1.108501877281844
172.0,172.0,1.363770484382759
173.0,173.0,1.2918452500676607
174.0,174.0,1.4441067093254705
175.0,175.0,1.7202020739683206
176.0,176.0,1.6308171639529638
177.0,177.0,1.3335504402947784
178.0,178.0,1.4057308050635617
179.0,179.0,1.1116959684242262
180.0,180.0,1.3686075234419661
181.0,181.0,1.2467671828568885
182.0,182.0,1.994960302937803
183.0,183.0,1.1037780987477324
184.0,184.0,1.3311031760840972
185.0,185.0,1.533700800433492
186.0,186.0,1.8304805643744377
187.0,187.0,1.4953514675607393
188.0,188.0,1.5222199575750601
189.0,189.0,1.3646013447824439
190.0,190.0,1.4463816597872452
191.0,191.0,1.221286882067356
192.0,192.0,1.1679088818627186
193.0,193.0,1.818739674968003
194.0,194.0,1.0178571553939266
195.0,195.0,1.0671499277628478
196.0,196.0,1.5899943026464554
197.0,197.0,1.5770961625294617
198.0,198.0,1.9422568591902012
199.0,199.0,1.8475629319097322
200.0,200.0,1.7075537014740119
201.0,201.0,1.7746039678453096
202.0,202.0,1.388510215602295
203.0,203.0,1.3241364907448467
204.0,204.0,1.2812614088586511
205.0,205.0,1.2379470912789894
206.0,206.0,1.353301932630013
207.0,207.0,1.3014407780092865
208.0,208.0,1.3599879071253504
209.0,209.0,1.312163639700358
210.0,210.0,1.3508350519765728
211.0,211.0,1.18512522794947
212.0,212.0,2.023071722982438
213.0,213.0,1.265681620195789
214.0,214.0,1.4825472714714425
215.0,215.0,1.5829141517082073
216.0,216.0,1.1822737979209412
217.0,217.0,1.2028033463739005
218.0,218.0,1.193787318487352
219.0,219.0,1.4200380374090953
220.0,220.0,1.3055645013309218
221.0,221.0,1.1799612188095412
222.0,222.0,1.3307765135456793
223.0,223.0,1.6038396704715179
224.0,224.0,1.8165617038071364
225.0,225.0,1.5911628384678755
226.0,226.0,1.6102242688793083
227.0,227.0,1.3056237185768473
228.0,228.0,1.2611380813377042
229.0,229.0,1.3156354477804724
230.0,230.0,1.3602073875676097
231.0,231.0,1.459962739961482
232.0,232.0,1.761183949935564
233.0,233.0,1.490050676377653
234.0,234.0,1.3129735899034698
235.0,235.0,1.142161384825391
236.0,236.0,1.4848763875616453
237.0,237.0,1.770571038448221
238.0,238.0,1.5069462168240675
239.0,239.0,1.3275190929636735
240.0,240.0,1.277960163125658
241.0,241.0,1.3403639051401572
242.0,242.0,1.3424965873535515
243.0,243.0,1.4356294355190524
244.0,244.0,1.4515421003116367
245.0,245.0,1.334265017824627
246.0,246.0,1.3890002072069174
247.0,247.0,1.226111395902111
248.0,248.0,1.4196249550272453
249.0,249.0,0.9060089464219918
250.0,250.0,1.5225171975663914
251.0,251.0,1.5175443764946983
252.0,252.0,1.406156200245641
253.0,253.0,0.982281088827399
254.0,254.0,1.280040823372082
255.0,255.0,1.1834361326819183
256.0,256.0,0.9431864467844763
257.0,257.0,1.4257289762310867
258.0,258.0,1.3529114286330068
259.0,259.0,1.2954659285078844
260.0,260.0,1.4788079922746598
261.0,261.0,1.1975631925216317
262.0,262.0,1.616507531994384
263.0,263.0,1.7169195183932078
264.0,264.0,1.252293885347737
265.0,265.0,1.1863366957594674
266.0,266.0,1.4455714608454846
267.0,267.0,1.6650977562878817
268.0,268.0,1.2502642573122622
269.0,269.0,1.120383079306941
270.0,270.0,1.1261229414258935
271.0,271.0,1.5900062337754406
272.0,272.0,1.67781946764351
273.0,273.0,1.249095659423496
274.0,274.0,1.4474893979671566
275.0,275.0,1.4152227945432583
276.0,276.0,1.2686035251147287
277.0,277.0,1.6768177892621425
278.0,278.0,1.4485394323108907
279.0,279.0,1.3165188044559646
280.0,280.0,1.4317497642817472
281.0,281.0,2.0142497319377037
282.0,282.0,1.576680247164923
283.0,283.0,1.3567001500952849
284.0,284.0,1.6307292909334534
285.0,285.0,1.3424438955810494
286.0,286.0,1.0326993137803513
287.0,287.0,1.5223177938610508
288.0,288.0,1.4482493095201256
289.0,289.0,1.1620637353118402
290.0,290.0,1.555747126301036
291.0,291.0,1.451047446173501
292.0,292.0,1.410467751052662
293.0,293.0,1.1831861946252344
294.0,294.0,1.7229418054485894
295.0,295.0,1.2214552439775994
296.0,296.0,0.7966080994205692
297.0,297.0,1.5340864371705678
298.0,298.0,1.389675209733124
299.0,299.0,1.2503016765429658
300.0,300.0,1.298690033519922
301.0,301.0,0.8692654625629513
302.0,302.0,1.3257542415497026
303.0,303.0,1.3635874043358782
304.0,304.0,2.116178388415594
305.0,305.0,1.3495547997999948
306.0,306.0,1.475739767134108
307.0,307.0,1.565555948440233
308.0,308.0,1.2385855183576688
309.0,309.0,1.3894892394043787
310.0,310.0,1.268229265767979
311.0,311.0,1.6895541116278394
312.0,312.0,1.2798691758441383
313.0,313.0,1.2598505479779563
314.0,314.0,2.022524912161336
315.0,315.0,1.8807011542258099
316.0,316.0,1.4234683828490124
317.0,317.0,1.2111266757974835
318.0,318.0,1.407811494628214
319.0,319.0,1.181954096812823
320.0,320.0,1.6816176914706946
321.0,321.0,1.3467633987573633
322.0,322.0,1.3582044652710312
323.0,323.0,1.4311846946368567
324.0,324.0,1.419743875539117
325.0,325.0,1.5912238619831385
326.0,326.0,1.4876153868555766
327.0,327.0,1.6812526147372218
328.0,328.0,1.3889679229179874
329.0,329.0,1.6999389155464764
330.0,330.0,1.409439294512353
331.0,331.0,1.3584064292892752
332.0,332.0,1.5750597520948297
333.0,333.0,1.3587138013057904
334.0,334.0,1.8156288612837568
335.0,335.0,1.5127135287472004
336.0,336.0,1.4322709084584722
337.0,337.0,1.1558826295233284
338.0,338.0,1.3806067028505562
339.0,339.0,1.5447464674641709
340.0,340.0,1.2126724792739172
341.0,341.0,0.910680716993738
342.0,342.0,1.2749402812586035
343.0,343.0,1.3979854669204304
344.0,344.0,1.1145463105473012
345.0,345.0,1.5037774743948127
346.0,346.0,1.2982743387911504
347.0,347.0,1.2966707595102889
348.0,348.0,1.5764240647288614
349.0,349.0,1.8739613106669937
350.0,350.0,1.4137454760534862
351.0,351.0,1.228877785361502
352.0,352.0,1.2211830850142888
353.0,353.0,1.1710227570881278
354.0,354.0,1.7169582544668358
355.0,355.0,1.4096068798752892
356.0,356.0,1.455765108099344
357.0,357.0,1.398029037329361
358.0,358.0,1.8153328185149837
359.0,359.0,1.127983300107833
360.0,360.0,1.1295621558560636
361.0,361.0,1.376872289130277
362.0,362.0,1.4461296482268
363.0,363.0,1.4206188141978553
364.0,364.0,1.2221719979634695
365.0,365.0,1.7608856151341703
366.0,366.0,1.085223823625304
367.0,367.0,1.448376385451533
368.0,368.0,1.8291648167528696
369.0,369.0,1.6084112690472934
370.0,370.0,1.084289493467178
371.0,371.0,1.3536347342208617
372.0,372.0,1.438852099817377
373.0,373.0,1.9522891204247688
374.0,374.0,1.4728030944817463
375.0,375.0,1.6673906824342684
376.0,376.0,1.337645580208534
377.0,377.0,0.9969359569149514
378.0,378.0,1.7978558648975858
379.0,379.0,1.7768440068519384
380.0,380.0,1.112716283843476
381.0,381.0,1.358086937855646
382.0,382.0,1.1972756356320866
383.0,383.0,1.3006821940752575
384.0,384.0,1.4008418577000168
385.0,385.0,1.3881462804691667
386.0,386.0,1.6146040603912732
387.0,387.0,1.135413606171687
388.0,388.0,1.6098669383981914
389.0,389.0,1.106641817968898
390.0,390.0,1.0980023315470202
391.0,391.0,1.6304562655964017
392.0,392.0,1.1884909421839516
393.0,393.0,1.5444510244777978
394.0,394.0,1.4727166847373547
395.0,395.0,1.2161083417052851
396.0,396.0,2.0523608072444826
397.0,397.0,0.9627161688452853
398.0,398.0,1.5272886846205582
399.0,399.0,1.3657029945543462
400.0,400.0,1.7086896415112456
401.0,401.0,0.8956399804337495
402.0,402.0,1.5231020932050539
403.0,403.0,1.2129356056840768
404.0,404.0,1.2340575583155247
405.0,405.0,1.417511785576528
406.0,406.0,1.3324972109852362
407.0,407.0,1.6296395196900884
408.0,408.0,1.6338771406487622
409.0,409.0,1.3075689877122498
410.0,410.0,1.5306924015082775
411.0,411.0,1.4344017878457465
412.0,412.0,1.8643657572759151
413.0,413.0,1.5309212549187636
414.0,414.0,1.5145399419524694
415.0,415.0,1.1126273668364595
416.0,416.0,1.0998174420600542
417.0,417.0,1.000876019550893
418.0,418.0,1.069820710024687
419.0,419.0,1.6909759671054765
420.0,420.0,1.1131783527887846
421.0,421.0,1.1322607374040774
422.0,422.0,1.9423135881282192
423.0,423.0,1.7700242445009726
424.0,424.0,1.7992234022156115
425.0,425.0,1.939242777561796
426.0,426.0,1.5724562170519139
427.0,427.0,1.3730646600557128
428.0,428.0,1.5978963917180484
429.0,429.0,1.3161542986280261
430.0,430.0,1.533187530907523
431.0,431.0,1.371945253569864
432.0,432.0,1.5347005505783822
433.0,433.0,1.2115222369449592
434.0,434.0,1.0563335660309812
435.0,435.0,0.9704134446634747
436.0,436.0,1.1817209655351604
437.0,437.0,1.3873117812515958
438.0,438.0,1.8195778560197426
439.0,439.0,0.922755975990199
440.0,440.0,1.2136395429051243
441.0,441.0,1.422048908209169
442.0,442.0,1.2363113002181505
443.0,443.0,1.783016571925488
444.0,444.0,1.3088621340543343
445.0,445.0,1.178788941573084
446.0,446.0,1.3642201906914335
447.0,447.0,1.4057487067154308
448.0,448.0,1.45159758569803
449.0,449.0,1.336823614633234
450.0,450.0,1.866290968559499
451.0,451.0,1.5609231824088419
452.0,452.0,1.1001259385800641
453.0,453.0,1.5001894827876558
454.0,454.0,1.2857246082868807
455.0,455.0,0.978659319886424
456.0,456.0,1.5177685775694334
457.0,457.0,0.965912313442681
458.0,458.0,1.3755397818142563
459.0,459.0,1.413301086164075
460.0,460.0,1.3322285672403626
461.0,461.0,1.3176396191653488
462.0,462.0,1.207376581249362
463.0,463.0,1.5916296455162156
464.0,464.0,1.2626953867102721
465.0,465.0,1.306335056334016
466.0,466.0,1.236921683210523
467.0,467.0,1.30054663103422
468.0,468.0,1.1167984522668046
469.0,469.0,1.5609767163237447
470.0,470.0,0.9531421373774914
471.0,471.0,1.7045797777494958
472.0,472.0,1.067583666445456
473.0,473.0,1.5210950405472459
474.0,474.0,1.1247231841228478
475.0,475.0,1.0073510518361497
476.0,476.0,1.4296982866515753
477.0,477.0,1.6019115676227376
478.0,478.0,1.7239632968345242
479.0,479.0,1.659060041144382
480.0,480.0,1.7409883491484648
481.0,481.0,1.4724638656004894
482.0,482.0,1.1724481805769247
483.0,483.0,1.6481068826203829
484.0,484.0,1.3857654283824477
485.0,485.0,1.9643097960588094
486.0,486.0,1.3863454032072648
487.0,487.0,1.2087729645925929
488.0,488.0,1.9165583884849757
489.0,489.0,1.6801229298269231
490.0,490.0,2.0453269428487815
491.0,491.0,1.6668759577895391
492.0,492.0,1.2894998258449843
493.0,493.0,1.3455737503414624
494.0,494.0,1.1394785520938555
495.0,495.0,1.4509842783267557
496.0,496.0,1.2419480169218358
497.0,497.0,1.6516391952189595
498.0,498.0,0.9500819319290833
499.0,499.0,1.3612700746144026
