Residue_ID,RMSF (A)
1,3.220302227766511
2,1.7955861977517475
3,0.6880251511863652
4,0.5616300776174274
5,0.3822291283196207
6,0.4071941083555413
7,0.3437013516392156
8,0.38350462180989286
9,0.3262893809576533
10,0.43767936953995773
11,0.5199028766790069
12,0.579723728120398
13,0.35725115510733463
14,0.4381398805690167
15,0.42937441640707125
16,0.44837905434918107
17,0.377496233271845
18,0.409398947711338
19,0.34082158312429844
20,0.4741447298694643
21,0.5445985521096722
22,1.1038508046246955
23,1.1283090201030626
24,1.1520485494285886
25,1.5792445608185413
26,1.2541416042884697
27,0.6703240295463936
28,0.40257028758389185
29,0.46368931958650034
30,0.3815220802288917
31,0.4676783280360747
32,0.48018634862739973
33,0.5164800129677651
34,0.3698502800581578
35,0.49646303725998536
36,0.5738905522602176
37,0.4538564527824633
38,0.8049140699725714
39,1.218725945115956
40,1.0532998619907028
41,0.5390632984431037
42,0.369789018917066
43,0.32657569252941493
44,0.25953438817260266
45,0.2611980934954942
46,0.26978645021417563
47,0.2993044377967191
48,0.3502867785632438
49,0.43965102334837836
50,0.4266271236982298
51,0.6221704956491593
52,0.612489847233853
53,2.9168380751272247
54,2.6090913319083153
55,0.7922696676279644
56,0.42127396916341947
57,0.675770326260525
58,0.8425802621465833
59,0.37857958955144616
60,0.45782895643496946
61,0.3854337905625121
62,0.30554507481657456
63,0.321767902054115
64,0.44333425185745184
65,0.6239733367375941
66,1.5041228586844553
67,1.182050971993674
68,0.9244701665608984
69,0.7155945368797506
70,0.4206307820829189
71,0.4852817144860633
72,0.5020755519876146
73,0.43495366204934405
74,0.8423101860113514
75,0.9921554205020684
76,1.3334691006422115
77,0.9463347707603862
78,0.5631811873699081
79,0.4251023008328539
80,0.3528752019592575
81,0.2911310442913057
82,0.3005966636561964
83,0.31318274475412194
84,0.3370809364750657
85,0.3621903863943095
86,0.3573236286259267
87,0.5701484280939115
88,0.6227928378285409
89,1.5939703061715291
90,1.7031904854692066
91,2.768068111797444
92,0.960554267865302
93,0.8218208147777689
94,0.5529441580283997
95,0.6311906430517976
96,0.4546528612164679
97,0.4954305032844563
98,0.3931578915652298
99,0.5028709937581168
100,0.4454907885290399
101,0.5556245072384971
102,0.43509453874535164
103,0.317967071571372
104,0.3575286209508406
105,0.35010505904327843
106,0.70564543896967
107,1.1767643862360346
108,1.0756523235705842
109,0.5673053741055695
110,0.4269075771406403
111,0.2978635446475364
112,0.3680672492760507
113,0.45455246100152463
114,0.3480998200761011
115,0.2913320422588127
116,0.2605539077063386
117,0.24678137893596536
118,0.2274010261257112
119,0.30226194834074227
120,0.45455602072964274
121,0.572086660603902
122,0.5633201040056312
123,0.4692100200252371
124,0.6251422355932068
125,0.5238850738903091
126,0.5542803091526006
127,1.015373999094458
128,1.390601412025197
129,3.891767658350806
130,3.8279040321614044
131,2.5619565786389273
132,1.0875133039029394
133,0.6893910933456576
134,0.6759639014508733
135,0.479412722220497
136,0.3485489531028639
137,0.3987880385370756
138,0.6302622617964863
139,0.434518541510346
140,0.5103735956081045
141,0.4426886290358138
142,0.34256686772481176
143,0.34608211550702106
144,0.30368167034617916
145,0.283219596111949
146,0.30272476520950153
147,0.33206688134328943
148,0.3347462852790312
149,0.43942265371993616
150,0.6925707964840242
151,0.7970372256275623
152,3.89046962766677
153,3.2220486271066946
